	Training CV Accuracy	Testing Accuracy
0	0.6401186503522432	0.4
1	0.6677048572487949	0.54
2	0.6341119762699294	0.48
3	0.6610381905821283	0.56
4	0.6274453096032628	0.48
5	0.6808379681127178	0.46
6	0.6795179829440119	0.58
7	0.6608083055246571	0.7
8	0.6677048572487949	0.44
9	0.5994289951798294	0.56
