subset,size,cntSig,pctSig
1,207,75,0.36231884057971014
2,212,46,0.2169811320754717
3,417,36,0.08633093525179857
4,298,11,0.03691275167785235
5,406,12,0.029556650246305417
8,244,5,0.020491803278688523
7,204,4,0.0196078431372549
6,404,6,0.01485148514851485
10,300,3,0.01
13,182,1,0.005494505494505495
9,200,1,0.005
11,247,0,0
12,85,0,0
14,367,0,0
15,440,0,0
16,197,0,0
17,250,0,0
18,273,0,0
19,267,0,0
