subset,pctSig
1,0.36231884057971014
2,0.2169811320754717
3,0.08633093525179857
4,0.03691275167785235
5,0.029556650246305417
8,0.020491803278688523
7,0.0196078431372549
6,0.01485148514851485
10,0.01
13,0.005494505494505495
9,0.005
11,0
12,0
14,0
15,0
16,0
17,0
18,0
19,0
